{
	"results": [{
		"route" : "red",
		"coords" : [
			[38.95097,-95.26001],[38.95102,-95.26009],[38.95174,-95.26009],[38.95181,-95.26005],[38.95188,-95.26012],[38.95203,-95.26016],[38.9523,-95.25999],[38.95231,-95.25962],[38.95323,-95.25961],[38.95322,-95.25946],[38.95338,-95.25945],[38.95421,-95.25917],[38.9547,-95.25883],[38.95546,-95.25845],[38.95575,-95.25822],[38.95623,-95.2577],[38.95703,-95.25744],[38.95703,-95.25963],[38.95697,-95.26046],[38.95699,-95.26106],[38.95707,-95.2615],[38.95709,-95.26202],[38.95707,-95.26898],[38.95729,-95.26895],[38.95815,-95.26837],[38.96751,-95.25117],[38.96683,-95.25118],[38.96658,-95.2513],[38.96643,-95.25147],[38.9662,-95.25202],[38.966,-95.25221],[38.96573,-95.25233],[38.96555,-95.25273],[38.96534,-95.2529],[38.96325,-95.25354],[38.96323,-95.25288],[38.96316,-95.25265],[38.96299,-95.2524],[38.96277,-95.2523],[38.9622,-95.2523],[38.96189,-95.25225],[38.96172,-95.25214],[38.96158,-95.25197],[38.96156,-95.25113],[38.96175,-95.25113],[38.9617,-95.25069],[38.96189,-95.25064],[38.9617,-95.25069],[38.96175,-95.25113],[38.96341,-95.25106],[38.96346,-95.25001],[38.96408,-95.24874],[38.9643,-95.24834],[38.96432,-95.24408],[38.96383,-95.24408],[38.96384,-95.24291],[38.96751,-95.2429],[38.96753,-95.23469],[38.97279,-95.23469],[38.97295,-95.23477],[38.97295,-95.23477],[38.97279,-95.23469],[38.96377,-95.23469],[38.96377,-95.2359],[38.95817,-95.23588],[38.95816,-95.2394],[38.95816,-95.2394],[38.95191,-95.23943],[38.95195,-95.24182],[38.95142,-95.24181],[38.95136,-95.25113],[38.95083,-95.25113],[38.95083,-95.25113],[38.95323,-95.25113],[38.95323,-95.25128],[38.95332,-95.25155],[38.95351,-95.2519],[38.95352,-95.25326],[38.95341,-95.25355],[38.95338,-95.25528],[38.95308,-95.25556],[38.953,-95.25594],[38.95307,-95.25622],[38.95326,-95.25651],[38.95344,-95.25704],[38.95322,-95.25704],[38.95274,-95.25798],[38.95261,-95.25832],[38.95253,-95.25841],[38.95226,-95.25849],[38.95219,-95.25861],[38.95224,-95.25905],[38.95232,-95.25924],[38.9523,-95.25999],[38.95203,-95.26016],[38.95188,-95.26012],[38.95181,-95.26005],[38.95174,-95.26009],[38.95102,-95.26009],[38.95097,-95.26001]
		],
		"stops" : [{
			"location" : [
				[38.96377,-95.23469]
			],
			"times" : [
				["408", "502", "806", "301", "104"]
			]
		}, {
			"location" : [
				[38.95224,-95.25905]
			],
			"times" : [
				["408", "502", "806", "301", "104"]
			]
		}]
	}, {
		"route" : "blue",
		"coords" : [
			[38.95097,-95.26001],[38.95102,-95.26009],[38.95174,-95.26009],[38.95181,-95.26005],[38.95188,-95.26012],[38.95203,-95.26016],[38.9523,-95.25999],[38.95231,-95.25962],[38.95323,-95.25961],[38.95322,-95.25946],[38.95338,-95.25945],[38.95421,-95.25917],[38.9547,-95.25883],[38.95546,-95.25845],[38.95575,-95.25822],[38.95623,-95.2577],[38.95703,-95.25744],[38.95703,-95.25963],[38.95697,-95.26046],[38.95699,-95.26106],[38.95707,-95.2615],[38.95709,-95.26202],[38.95707,-95.26898],[38.95729,-95.26895],[38.95815,-95.26837],[38.96751,-95.25117],[38.96683,-95.25118],[38.96658,-95.2513],[38.96643,-95.25147],[38.9662,-95.25202],[38.966,-95.25221],[38.96573,-95.25233],[38.96555,-95.25273],[38.96534,-95.2529],[38.96325,-95.25354],[38.96323,-95.25288],[38.96316,-95.25265],[38.96299,-95.2524],[38.96277,-95.2523],[38.9622,-95.2523],[38.96189,-95.25225],[38.96172,-95.25214],[38.96158,-95.25197],[38.96156,-95.25113],[38.96175,-95.25113],[38.9617,-95.25069],[38.96189,-95.25064],[38.9617,-95.25069],[38.96175,-95.25113],[38.96341,-95.25106],[38.96346,-95.25001],[38.96408,-95.24874],[38.9643,-95.24834],[38.96432,-95.24408],[38.96383,-95.24408],[38.96384,-95.24291],[38.96751,-95.2429],[38.96753,-95.23469],[38.97279,-95.23469],[38.97295,-95.23477],[38.97295,-95.23477],[38.97279,-95.23469],[38.96377,-95.23469],[38.96377,-95.2359],[38.95817,-95.23588],[38.95816,-95.2394],[38.95816,-95.2394],[38.95191,-95.23943],[38.95195,-95.24182],[38.95142,-95.24181],[38.95136,-95.25113],[38.95083,-95.25113],[38.95083,-95.25113],[38.95323,-95.25113],[38.95323,-95.25128],[38.95332,-95.25155],[38.95351,-95.2519],[38.95352,-95.25326],[38.95341,-95.25355],[38.95338,-95.25528],[38.95308,-95.25556],[38.953,-95.25594],[38.95307,-95.25622],[38.95326,-95.25651],[38.95344,-95.25704],[38.95322,-95.25704],[38.95274,-95.25798],[38.95261,-95.25832],[38.95253,-95.25841],[38.95226,-95.25849],[38.95219,-95.25861],[38.95224,-95.25905],[38.95232,-95.25924],[38.9523,-95.25999],[38.95203,-95.26016],[38.95188,-95.26012],[38.95181,-95.26005],[38.95174,-95.26009],[38.95102,-95.26009],[38.95097,-95.26001]
		]
	}]
}